date,NoDur,Durbl,Manuf,Enrgy,Chems,BusEq,Telcm,Utils,Shops,Hlth,Money,Other
2010-01,-2.40,-0.40,-4.46,-4.85,-1.16,-7.88,-6.77,-4.45,-1.83,-0.01,-0.65,-0.29
2010-02,2.66,7.39,5.85,2.59,4.05,4.83,2.76,-0.42,4.29,0.38,2.91,4.64
2010-03,5.80,9.38,7.80,3.20,4.08,6.67,7.63,3.12,6.25,3.63,8.31,7.76
2010-04,-1.02,7.27,4.16,4.08,1.30,2.29,3.41,2.85,2.52,-2.18,1.13,2.88
2010-05,-5.73,-9.07,-9.26,-10.23,-6.79,-7.78,-5.85,-6.30,-5.41,-8.08,-9.09,-8.16
2010-06,-1.91,-10.68,-6.49,-6.26,-4.47,-6.17,-3.84,-0.71,-9.11,-1.66,-7.22,-5.33
2010-07,7.36,15.38,10.36,7.69,8.72,7.33,9.59,6.81,4.61,2.14,6.53,7.05
2010-08,-1.17,-9.58,-7.36,-3.44,-2.00,-6.53,-1.99,0.36,-3.97,-1.70,-8.49,-4.79
2010-09,6.15,13.08,12.30,9.20,6.06,12.54,7.88,3.65,12.15,9.00,7.24,10.60
2010-10,4.40,8.54,4.55,4.58,6.43,6.43,4.56,1.86,2.41,1.94,1.69,2.54
2010-11,-0.07,7.32,2.81,5.51,-1.19,-0.71,-1.89,-1.36,4.18,-3.34,-0.30,1.65
2010-12,4.35,8.90,7.31,9.41,6.31,5.96,6.59,3.23,3.21,5.45,10.56,7.22
2011-01,-2.37,-0.24,4.41,6.93,0.08,3.92,0.05,2.18,-0.86,-0.72,2.54,1.44
2011-02,4.72,-2.15,3.54,7.63,3.20,2.42,7.40,2.42,2.26,3.33,2.72,3.28
2011-03,3.03,1.87,2.36,2.11,0.72,-1.44,1.68,0.92,1.10,2.26,-1.58,-0.31
2011-04,4.61,2.78,1.99,1.58,4.93,3.10,3.26,4.00,4.51,6.25,0.67,1.73
2011-05,2.04,-3.58,-2.99,-4.51,-0.43,-1.75,0.77,1.32,0.88,1.99,-2.67,-2.62
2011-06,-1.07,-1.09,0.01,-2.31,-1.89,-2.45,-1.38,-0.34,-0.88,-1.87,-2.30,-1.81
2011-07,-0.42,-9.03,-5.95,0.49,-2.31,-0.53,-4.98,-0.33,-0.64,-3.67,-3.91,-3.21
2011-08,-0.66,-12.23,-7.60,-9.91,-3.17,-6.77,-5.04,0.20,-2.88,-3.13,-9.34,-6.29
2011-09,-4.87,-13.85,-11.99,-12.23,-9.11,-4.74,-5.72,-1.61,-3.89,-3.97,-11.25,-10.86
2011-10,6.30,23.07,16.42,16.25,9.87,11.77,7.61,6.70,9.75,5.52,13.47,13.77
2011-11,1.44,-8.68,1.84,2.15,0.46,-1.96,0.30,1.01,1.07,1.30,-3.16,-0.39
2011-12,1.89,-1.03,-1.79,-0.35,1.25,-1.43,3.12,2.91,0.90,3.47,1.76,1.02
2012-01,0.39,13.66,8.15,1.01,4.04,8.47,2.37,-2.71,4.06,3.43,7.35,7.04
2012-02,3.93,5.95,3.97,6.52,3.71,6.64,5.07,1.30,3.12,1.25,6.51,0.77
2012-03,3.90,1.38,-0.02,-3.27,1.98,4.66,2.38,1.48,4.66,3.95,7.00,1.61
2012-04,0.81,-7.30,-1.02,-1.57,-0.19,-2.10,1.69,1.70,0.95,0.60,-2.35,-0.56
2012-05,-2.67,-7.82,-8.75,-10.57,-5.91,-7.82,-0.77,-0.88,-3.03,-3.24,-9.19,-5.33
2012-06,3.44,-5.43,0.78,5.78,1.95,2.93,7.02,3.42,2.17,6.84,4.65,5.30
2012-07,1.40,-0.35,0.64,2.81,1.45,-0.10,4.15,3.50,1.22,1.63,-1.10,-1.43
2012-08,0.12,4.25,3.46,2.36,2.89,4.80,0.97,-3.46,2.76,0.97,4.18,1.48
2012-09,0.94,3.40,1.55,3.81,1.97,1.20,4.86,2.11,1.92,4.68,3.64,4.15
2012-10,-1.68,6.31,-0.37,-1.86,-1.02,-6.35,-2.43,1.09,-1.03,-1.92,1.91,-0.66
2012-11,3.20,2.56,3.03,-1.49,2.23,1.46,0.06,-3.79,1.47,1.51,-0.94,0.60
2012-12,-2.26,7.60,3.71,1.33,1.05,0.37,1.15,0.12,-1.12,-0.53,4.42,2.40
2013-01,5.12,3.36,5.62,7.47,6.81,2.37,4.85,5.05,5.54,8.08,6.24,7.65
2013-02,3.17,-0.73,1.29,0.68,1.27,0.68,2.29,2.20,0.84,1.33,1.18,1.75
2013-03,5.06,4.44,3.15,2.07,1.62,2.68,5.64,5.69,4.73,6.52,4.52,3.69
2013-04,3.74,3.94,-0.32,-1.39,2.70,0.38,4.32,5.13,2.72,2.59,1.62,-0.46
2013-05,-2.29,10.04,4.65,3.03,1.39,4.57,-1.76,-7.14,2.23,1.61,7.22,3.78
2013-06,0.07,-0.45,-1.62,-2.39,-2.67,-2.93,1.98,0.82,-0.03,-1.38,-0.48,-2.42
2013-07,2.89,9.01,6.47,5.18,5.73,5.69,3.43,4.58,5.90,8.07,6.52,4.17
2013-08,-3.91,-1.03,-1.72,-1.90,-1.98,-0.20,-3.29,-4.43,-4.26,-3.67,-4.26,-2.64
2013-09,2.00,6.45,6.58,1.97,2.52,3.81,4.28,1.05,4.49,4.17,3.02,5.24
2013-10,4.82,0.76,4.19,4.79,5.41,3.79,5.85,3.34,5.12,3.55,3.21,4.79
2013-11,1.27,1.88,3.30,0.87,2.34,3.61,0.08,-1.81,3.69,4.50,6.06,2.43
2013-12,2.47,1.24,4.02,3.03,1.30,3.98,3.98,1.79,0.25,0.59,2.67,3.98
2014-01,-5.72,-3.62,-4.13,-6.89,-4.59,-1.44,-3.81,2.49,-6.48,1.79,-4.24,-4.38
2014-02,3.46,8.01,5.36,5.69,5.53,5.12,2.56,3.09,5.33,6.35,3.24,3.90
2014-03,3.25,-1.13,-0.16,2.43,1.26,-0.61,0.15,2.68,-0.59,-2.47,2.54,1.14
2014-04,1.49,0.33,0.51,5.67,1.46,-0.99,0.39,3.98,-0.93,-0.33,-3.57,0.73
2014-05,3.37,0.69,1.35,0.88,1.13,3.42,4.11,0.01,0.99,1.85,1.66,1.99
2014-06,1.20,4.45,2.28,4.12,-0.30,2.85,1.54,5.43,1.26,2.87,3.08,1.41
2014-07,-4.35,-4.71,-4.76,-3.56,-2.89,0.15,0.80,-6.40,-2.02,-0.34,-2.07,-2.54
2014-08,5.56,5.07,4.67,2.32,5.14,4.24,0.33,5.31,5.01,5.54,3.85,4.54
2014-09,-0.07,-9.38,-3.33,-7.83,-0.91,-1.40,-1.45,-3.38,-1.33,-0.22,-0.56,-2.00
2014-10,2.69,3.49,3.18,-4.19,0.96,1.58,1.30,6.71,2.71,5.92,3.79,2.80
2014-11,4.79,4.42,2.16,-9.57,2.52,4.28,2.46,0.26,7.51,2.52,1.80,3.73
2014-12,-2.41,0.35,-0.43,0.54,0.60,-1.27,-2.05,1.86,1.60,-0.83,2.14,-0.39
2015-01,-0.56,-4.28,-3.89,-4.31,-3.50,-3.50,-4.47,1.24,-0.40,1.58,-7.76,-3.98
2015-02,5.13,8.02,6.24,4.72,5.97,8.25,8.92,-4.36,5.67,4.00,7.98,5.97
2015-03,-2.42,-0.58,-1.55,-2.49,-3.00,-2.53,-2.12,-0.31,0.66,0.86,0.20,-1.91
2015-04,0.81,-0.71,-0.94,6.65,-0.42,1.46,3.63,0.28,-2.09,-1.55,0.74,0.35
2015-05,1.50,0.99,1.09,-5.11,0.50,1.90,0.33,-0.43,1.07,4.99,3.12,-0.60
2015-06,-1.53,-1.85,-2.04,-3.75,-1.89,-3.61,-0.55,-5.27,-0.61,0.37,1.47,-2.49
2015-07,4.96,-2.31,-1.82,-8.95,-2.36,2.19,1.52,2.65,5.14,3.50,1.94,1.66
2015-08,-4.10,-5.98,-4.79,-3.65,-7.18,-5.82,-8.38,-4.08,-5.30,-8.38,-6.51,-5.56
2015-09,-0.56,-3.45,-4.44,-5.75,-3.86,-1.29,-2.50,-0.50,-2.06,-6.92,-3.19,-2.87
2015-10,6.80,6.96,8.27,12.17,11.61,10.20,9.07,2.09,4.82,7.51,5.77,7.86
2015-11,-0.92,1.96,0.48,1.06,0.28,1.11,-1.92,-3.42,1.10,0.58,2.19,0.04
2015-12,0.78,-4.08,-3.49,-9.60,-0.76,-2.54,-2.96,-2.39,0.04,0.32,-2.87,-2.26
2016-01,0.17,-12.33,-6.25,-4.37,-4.71,-5.94,0.39,4.67,-4.53,-10.12,-9.72,-6.96
2016-02,0.59,4.09,3.65,-2.95,2.65,-0.88,0.91,1.72,0.11,-0.97,-3.01,4.05
2016-03,4.96,10.65,7.35,10.89,6.14,8.51,6.16,7.84,5.56,3.95,6.60,7.99
2016-04,0.27,1.54,2.63,9.17,1.68,-4.25,0.69,-0.80,-0.55,4.96,4.16,-0.34
2016-05,0.74,-1.09,-0.59,-0.59,-0.42,5.17,0.17,2.24,0.96,2.42,2.20,-0.46
2016-06,4.74,-5.48,0.66,2.55,1.36,-1.73,3.55,7.43,0.73,-0.17,-5.32,0.77
2016-07,-0.06,8.58,4.78,-2.73,2.84,7.50,2.25,-0.25,3.84,6.16,4.06,3.33
2016-08,-0.61,0.25,1.03,1.61,2.05,1.79,-3.17,-3.78,-1.36,-3.15,4.92,0.67
2016-09,-2.48,-1.54,0.15,2.81,-0.32,2.21,0.47,1.83,-0.62,0.60,-1.49,-0.19
2016-10,-0.18,-3.77,-2.69,-2.96,-2.32,-1.07,-3.05,-0.66,-4.12,-7.53,1.54,-0.65
2016-11,-3.87,7.55,9.27,9.59,1.13,0.73,6.54,-2.65,4.28,2.39,13.31,8.35
2016-12,3.46,3.98,0.30,1.97,0.83,0.91,4.89,3.61,-0.30,0.69,3.87,1.36
2017-01,1.69,2.94,3.10,-4.29,3.77,4.60,3.33,1.09,1.11,2.02,0.52,1.72
2017-02,3.75,0.72,4.12,-2.46,4.25,4.88,-0.12,3.85,2.88,6.97,4.57,2.13
2017-03,0.88,0.24,-0.27,-1.20,0.86,2.10,0.88,0.38,0.79,0.04,-2.32,-0.29
2017-04,0.51,1.69,2.76,-2.73,0.26,2.55,0.11,0.32,2.65,0.93,0.16,0.85
2017-05,3.22,-0.15,1.59,-3.38,0.68,4.07,-1.52,2.44,1.67,-0.27,-1.14,1.04
2017-06,-1.12,3.35,1.55,-0.14,0.61,-2.07,-2.46,-1.91,-1.88,5.53,5.95,1.68
2017-07,-0.06,-1.01,2.29,2.04,1.95,3.64,5.33,2.99,0.20,0.69,1.85,0.72
2017-08,-1.75,0.03,-0.06,-5.13,1.07,2.98,-2.48,2.18,-1.60,2.59,-1.29,0.78
2017-09,-0.38,5.39,5.02,10.94,1.94,0.61,-1.50,-1.95,2.49,2.08,5.28,3.29
2017-10,0.08,1.31,3.61,0.47,0.81,6.86,-5.58,3.02,2.69,-2.25,3.37,0.39
2017-11,4.07,-0.49,3.41,2.99,3.59,1.11,4.01,2.42,7.77,2.48,3.97,3.66
2017-12,2.01,-0.72,2.48,5.00,1.80,-0.17,4.49,-4.98,2.54,-0.16,1.03,1.89
2018-01,1.93,2.75,6.10,2.77,-0.72,7.79,3.15,-2.81,9.38,6.39,6.13,5.44
2018-02,-6.22,-6.04,-3.26,-10.78,-6.01,0.02,-7.05,-4.54,-4.48,-3.49,-2.59,-4.62
2018-03,-1.08,-5.57,-3.24,3.07,0.40,-3.14,-2.53,3.17,-2.58,-2.39,-3.44,-1.21
2018-04,-3.95,-0.30,-3.64,9.93,-2.85,-0.17,-2.31,2.78,3.78,-0.05,1.15,-0.39
2018-05,-0.58,3.11,3.21,3.39,0.71,6.80,-1.31,0.27,0.85,2.38,0.38,3.48
2018-06,4.33,0.61,-2.29,0.50,2.42,-0.43,6.51,2.57,2.93,1.47,-1.03,-0.73
2018-07,2.87,-1.16,5.87,1.11,3.95,2.48,2.73,1.68,3.08,5.90,4.26,3.03
2018-08,-1.16,-0.54,-1.12,-2.84,1.14,7.15,2.89,0.93,7.99,4.50,2.44,2.42
2018-09,0.71,-3.69,2.47,3.37,-1.15,-0.08,1.79,-0.57,0.55,2.08,-2.07,-0.42
2018-10,-0.22,-2.99,-11.77,-11.73,-5.73,-8.82,-0.41,-0.06,-8.80,-8.79,-5.59,-8.80
2018-11,0.49,5.24,4.26,-2.20,5.54,-1.65,2.52,3.26,2.64,6.41,2.87,2.87
2018-12,-11.31,-11.58,-9.94,-13.06,-6.25,-8.17,-8.70,-4.77,-9.01,-8.24,-11.57,-9.58
2019-01,7.29,11.03,11.75,10.34,5.69,9.22,5.45,5.38,8.32,5.31,9.87,9.70
2019-02,1.34,3.74,5.71,2.47,4.18,5.68,3.04,3.55,0.80,3.30,2.76,3.63
2019-03,3.67,-5.00,-2.19,2.02,1.80,3.77,0.60,3.33,3.39,0.51,-2.51,0.67
2019-04,3.13,3.41,3.82,0.22,4.47,5.88,5.98,1.00,4.62,-3.16,7.13,5.71
2019-05,-5.62,-12.24,-9.87,-11.88,-7.80,-8.58,-3.00,-1.55,-6.05,-3.40,-5.58,-6.96
2019-06,4.91,13.12,9.61,8.83,5.01,7.94,5.15,3.64,7.17,6.82,6.20,7.48
2019-07,1.60,0.83,-0.31,-2.64,3.56,3.67,2.05,-1.01,1.02,-2.16,3.14,-0.48
2019-08,-1.42,-4.68,-2.08,-8.51,-0.88,-2.61,0.29,3.45,0.12,-0.64,-4.83,-4.20
2019-09,1.88,3.78,4.33,3.69,2.89,1.36,1.26,3.94,0.83,-0.98,2.67,0.44
2019-10,0.08,7.02,0.71,-2.08,-1.21,3.34,2.19,-1.39,0.67,4.66,3.39,2.42
2019-11,2.27,2.91,4.47,1.12,0.83,5.30,2.47,-2.14,2.11,5.48,5.74,3.81
2019-12,3.48,5.40,0.99,6.24,2.08,3.81,1.04,4.12,1.35,3.45,2.62,2.00
2020-01,-0.43,6.15,-2.83,-11.87,-2.56,3.40,-2.12,4.83,0.97,-1.99,-2.44,0.61
2020-02,-8.76,-7.25,-8.52,-15.43,-8.79,-6.99,-6.22,-9.89,-6.72,-5.37,-10.71,-8.39
2020-03,-10.87,-22.67,-20.31,-34.47,-9.92,-9.66,-13.22,-13.05,-7.91,-5.09,-20.20,-17.71
2020-04,7.75,25.49,10.17,32.31,12.12,14.84,9.21,5.18,18.24,13.45,11.96,11.00
2020-05,3.10,7.13,6.49,0.56,4.63,7.62,4.81,4.63,4.48,4.16,3.65,6.21
2020-06,-0.14,14.13,3.38,-0.39,1.19,5.79,-2.62,-5.02,4.42,-1.44,-0.35,1.70
2020-07,5.87,18.68,2.98,-4.79,7.49,6.83,5.06,6.34,9.43,4.39,1.97,6.79
2020-08,4.45,40.99,6.85,-1.14,4.95,10.69,5.60,-2.25,8.07,2.35,4.90,9.35
2020-09,-2.08,-9.04,-0.26,-14.99,0.08,-5.29,-1.97,-0.32,-3.86,-1.43,-4.10,-1.22
2020-10,-2.70,-3.25,-0.77,-4.46,-0.72,-1.81,-3.89,4.47,-2.69,-4.37,-0.78,-2.85
2020-11,10.02,33.90,17.07,28.53,8.34,10.75,14.47,2.66,8.30,9.83,16.34,15.01
2020-12,4.91,15.39,2.90,5.69,1.79,5.08,5.12,0.62,1.38,4.71,6.94,3.95
2021-01,-4.15,11.48,-1.41,5.05,-4.10,0.56,-3.55,-0.44,-0.06,3.42,-2.82,-2.49
2021-02,1.32,-8.08,7.94,23.62,0.63,1.30,4.26,-4.59,-1.65,-1.25,10.75,8.39
2021-03,7.28,0.87,7.82,2.28,7.49,0.87,1.63,10.39,5.73,-0.09,5.87,4.27
2021-04,3.32,4.40,2.35,0.75,2.62,6.36,3.08,3.98,7.03,2.96,6.19,5.21
2021-05,1.97,-5.33,2.96,6.20,2.36,-0.88,-0.51,-1.16,-2.15,-0.12,3.21,2.01
2021-06,-0.81,5.56,-0.31,5.53,-2.55,6.80,-0.01,-1.42,2.93,4.41,-2.26,-1.51
2021-07,0.23,-0.96,0.83,-8.66,2.47,3.64,0.36,2.97,0.25,2.84,0.21,-1.64
2021-08,-0.28,1.78,0.67,-1.16,0.28,4.64,1.37,3.23,2.41,2.84,2.86,2.54
2021-09,-4.58,2.80,-6.26,11.08,-4.74,-6.15,-5.58,-4.87,-4.38,-6.02,-1.54,-3.84
2021-10,3.74,30.78,4.48,10.27,6.11,8.16,-4.24,5.11,5.15,2.23,7.07,6.08
2021-11,-3.87,2.05,-1.12,-5.40,0.25,1.51,-7.19,-1.97,1.47,-4.26,-5.68,-5.20
2021-12,8.07,-4.66,4.14,3.05,9.42,1.66,3.95,8.56,1.52,6.58,4.72,5.20
2022-01,-0.65,-10.31,-5.56,17.42,-6.41,-8.40,-1.93,-2.10,-8.83,-8.77,-0.69,-7.27
2022-02,-0.57,-7.07,-0.16,8.36,-3.47,-4.52,0.29,-1.09,-1.55,-1.01,-1.62,-1.97
2022-03,0.45,15.03,1.30,9.79,0.12,3.31,-2.42,9.69,2.98,5.15,-1.04,4.36
2022-04,2.26,-16.90,-7.93,-1.28,0.44,-12.61,-10.56,-3.71,-9.78,-6.91,-7.98,-10.89
2022-05,-1.63,-9.04,-0.08,15.57,-0.95,-2.09,8.66,4.80,-4.10,0.96,2.88,-2.85
2022-06,-3.89,-11.84,-10.02,-16.55,-8.31,-8.15,-6.63,-6.54,-7.73,-2.02,-9.05,-11.28
2022-07,4.13,27.65,10.98,10.46,3.15,11.68,-0.03,6.30,14.70,2.77,7.40,11.22
2022-08,-1.82,-5.79,-4.38,3.34,-1.62,-5.30,-2.87,0.14,-3.11,-5.04,-2.15,-3.39
2022-09,-8.37,-6.55,-11.94,-9.21,-10.71,-11.48,-13.86,-11.65,-7.63,-1.92,-7.70,-8.82
2022-10,9.96,-6.62,14.83,23.51,6.92,5.02,10.60,3.51,4.35,8.78,12.72,9.54
2022-11,5.31,-8.08,8.62,1.04,9.91,5.39,2.18,6.81,3.79,5.35,4.80,7.62
2022-12,-2.63,-28.07,-2.44,-4.20,-2.20,-7.98,-6.82,-1.21,-7.93,-1.72,-5.54,-5.03
2023-01,-0.37,29.04,7.25,2.78,3.07,9.54,13.56,-1.24,9.75,-1.05,6.36,9.51
2023-02,-2.17,10.98,-1.07,-6.91,-3.61,-0.14,-6.50,-5.31,-4.67,-4.29,-2.43,-2.61
2023-03,3.17,-0.64,-0.17,-0.42,1.60,10.57,-0.10,3.90,3.39,2.49,-8.94,1.08
2023-04,3.17,-15.26,-2.02,2.57,2.63,0.27,0.99,1.72,2.24,4.12,1.97,1.45
2023-05,-5.42,13.55,-4.15,-9.52,-8.53,8.57,-9.41,-5.84,0.52,-3.66,-3.77,-1.38
2023-06,2.85,24.66,11.57,6.47,8.69,5.87,4.62,2.62,7.83,4.66,5.86,9.71
2023-07,2.30,2.76,3.78,7.46,1.83,4.24,0.95,2.80,2.26,-0.12,6.42,3.90
2023-08,-3.78,-4.35,-2.21,1.96,-2.79,-1.63,0.16,-5.30,-0.39,-0.23,-3.61,-3.05
2023-09,-4.60,-2.58,-7.30,3.17,-6.55,-5.99,-3.20,-5.05,-5.66,-4.70,-2.04,-5.45
2023-10,-3.69,-17.90,-2.91,-6.18,-2.21,-1.74,-0.13,1.08,0.40,-4.59,-1.79,-4.09
2023-11,4.94,15.77,9.72,-1.31,6.29,12.05,6.96,5.06,7.17,5.80,10.26,10.80
2023-12,3.57,6.59,7.76,0.17,2.92,4.58,2.25,1.72,5.90,6.91,6.76,6.54
2024-01,-1.94,-17.93,-1.83,-0.11,0.52,3.17,4.57,-3.00,1.24,3.52,0.74,1.13
2024-02,1.69,7.21,6.20,3.07,3.20,6.18,-2.72,2.42,9.48,4.63,3.64,6.28
2024-03,2.96,-5.59,4.70,10.29,3.92,2.36,3.09,7.05,2.68,2.19,4.83,4.01
2024-04,-1.36,-0.95,-4.17,-0.64,-3.31,-4.38,-6.53,1.56,-4.73,-5.87,-4.17,-5.20
2024-05,0.96,-0.78,3.58,-0.45,1.95,8.16,3.74,7.98,2.47,3.20,3.55,2.68
2024-06,-2.10,6.13,-1.86,-2.11,-2.03,7.61,-0.60,-4.20,3.53,2.93,-0.28,0.06
2024-07,4.77,11.59,4.19,2.01,1.61,-1.80,3.85,6.33,0.54,0.83,7.67,4.58
2024-08,4.10,-5.13,0.37,-2.93,4.69,1.36,1.24,4.55,1.36,6.41,2.50,3.67
2024-09,0.98,14.27,2.70,-3.21,2.01,3.00,5.56,5.36,3.67,-1.84,-0.50,2.01
2024-10,-2.59,-3.14,-3.66,-0.55,-4.86,-0.18,2.37,0.69,-1.14,-3.15,2.64,-0.86
2024-11,1.53,29.71,6.90,6.54,5.04,4.97,9.18,6.21,9.96,-0.51,12.06,7.81
2024-12,-5.04,11.01,-7.60,-8.98,-8.31,1.44,-7.96,-7.78,-1.87,-5.38,-7.33,-6.72
2025-01,0.66,0.43,4.70,1.43,1.69,0.27,1.37,2.92,6.73,6.35,7.58,4.67
2025-02,5.53,-22.80,-3.01,2.97,1.08,-3.93,9.40,2.02,-3.74,3.50,-1.66,0.73
2025-03,0.41,-9.99,-5.06,3.85,-3.31,-9.14,-1.34,0.76,-7.36,-4.16,-4.82,-3.84
2025-04,-0.60,5.89,-1.43,-14.03,-3.91,1.15,-4.90,-1.32,0.95,-0.66,-3.37,0.65
2025-05,1.22,18.86,8.20,1.78,3.48,10.71,3.86,3.43,5.57,-3.96,4.30,4.27
2025-06,-0.75,-5.84,6.19,5.13,-2.62,9.08,3.63,1.01,2.41,2.01,5.51,2.65
2025-07,-1.88,-1.01,3.56,3.53,-2.41,5.63,-3.36,3.37,2.18,-1.27,-0.68,-1.68
2025-08,3.06,8.01,0.48,4.41,4.18,0.94,3.80,-1.59,0.82,4.74,4.18,4.31
2025-09,-3.06,25.01,4.87,-0.75,-3.99,7.08,-1.13,3.98,-1.15,2.03,1.17,-0.84
