date,Equal Weight,Sample MVO,Shrinkage MVO,Historical Mean-CVaR,Wasserstein Robust CVaR
2015-01-01,0.0,0.0006666666666666666,0.000623936334660897,0.0005945239775155256,0.0005109281126993964
2015-02-01,1.1264795584405934e-05,3.15156655654853e-05,6.2651992029865e-05,0.0002971260313130149,0.00013862443428820642
2015-03-01,1.0011764612991616e-05,0.0004767686228152872,2.1314720744645264e-05,2.5646300525046256e-05,1.6884560065039704e-05
2015-04-01,6.042459691145981e-06,0.00015244305591694188,3.685251743850349e-05,5.130432409822045e-06,6.629514228680727e-06
2015-05-01,8.16841994907066e-06,0.0002644863807187916,1.6481323017971143e-05,4.587276105593061e-06,6.713852741762127e-06
2015-06-01,7.6122159286668994e-06,5.840897108752385e-05,7.74969828466228e-05,0.0003875017813292913,0.00032992880901367723
2015-07-01,6.970082749840873e-06,0.00029259194376132845,0.00013343451842501156,5.057689679017503e-05,0.0003416875427358053
2015-08-01,1.5020582944299144e-05,4.4653384834315775e-05,0.00011519765058252579,3.679758187203841e-06,5.6906816550551e-06
2015-09-01,6.533837047785027e-06,7.558954885758168e-06,0.0001389044182377533,0.0004688000929959354,0.00035309255372806557
2015-10-01,7.668091621437959e-06,0.0005548625059453059,0.00012649547383839654,3.043692282186046e-06,2.999023389264041e-06
2015-11-01,9.755399689126392e-06,0.000552121779227891,4.8979201114984326e-05,1.2322481301869387e-05,1.1420821848390341e-05
2015-12-01,5.8764504022042474e-06,5.795304563452453e-06,2.7382312948699544e-05,9.726857666508561e-06,8.212110249472687e-06
2016-01-01,9.088267717208311e-06,0.00030000000000000014,2.6606396186313037e-05,6.678562415438703e-06,7.2115683920328245e-06
2016-02-01,1.882837849688679e-05,5.201504369307855e-05,4.530054557375717e-05,2.1784017570849676e-05,1.909344519571671e-05
2016-03-01,9.992065853416651e-06,4.9210599376168745e-05,2.4587328257532088e-05,4.3397547734320695e-06,3.676735084534158e-06
2016-04-01,7.71801647753769e-06,0.0002768099997262919,5.62559917802829e-05,6.196923130076734e-06,6.722298558621859e-06
2016-05-01,1.198912912715857e-05,5.459758525011874e-05,3.4685447943451616e-05,6.69443222693717e-06,6.4944585523998426e-06
2016-06-01,7.029389496868356e-06,2.7772014019052315e-06,1.0140719705347823e-05,6.354483372932957e-06,6.5486412826951116e-06
2016-07-01,1.3113167754261475e-05,2.599404292146896e-05,5.619582957915992e-05,1.7129508564573153e-05,1.5578317613755485e-05
2016-08-01,1.190840925582519e-05,5.722823027917809e-05,3.265549806110714e-05,1.369107756200407e-05,1.3642446983533619e-05
2016-09-01,1.0143025758522517e-05,6.110490827688456e-05,4.118627711684514e-05,8.492070667108747e-06,7.6120087896116016e-06
2016-10-01,6.1218714365381335e-06,9.407468373298864e-05,9.399736845833921e-05,0.0003786335196710288,0.0002788712448383286
2016-11-01,8.88811184835201e-06,0.00019717594785542358,0.00014461877840663286,3.453492815281095e-06,5.042532116012884e-06
2016-12-01,2.0929159173019657e-05,7.477701841863053e-05,1.8776998419250722e-05,1.5056047511969608e-05,0.00034496133961747755
2017-01-01,7.470673509741052e-06,1.6719849616857693e-05,3.693863152942713e-05,4.969928320834885e-06,8.174458096257501e-06
2017-02-01,7.334643091028153e-06,2.0421922417399027e-05,1.0366739538593601e-05,6.153998985117065e-06,5.115879004430386e-06
2017-03-01,9.435820235146851e-06,1.0341034754552045e-05,5.7199175831216156e-05,5.129116644395762e-06,6.181952276990892e-06
2017-04-01,4.08524597437241e-06,0.0002567216067639115,2.90276793702277e-05,2.46026755429396e-06,2.405820751356167e-06
2017-05-01,5.288993934185068e-06,0.00031361614917146973,7.35876396154362e-06,3.855062371653728e-06,4.500971467192925e-06
2017-06-01,8.197806745292795e-06,0.0001998061814489554,9.526936528092439e-05,0.0002748700258594575,0.0003335074251460626
2017-07-01,1.1804332183708431e-05,5.231037396089377e-05,3.804126900943389e-05,7.900262676573552e-06,0.00013817322063575327
2017-08-01,6.599734017133222e-06,1.2316624795668182e-05,1.852556271048271e-05,7.2840507189140955e-06,2.0941579668894372e-05
2017-09-01,9.298544527221932e-06,4.3668946572030464e-05,1.527712340091486e-05,1.181279696598861e-05,5.188072881036597e-05
2017-10-01,1.3041168981763038e-05,6.414172608127058e-06,1.5308393411380628e-05,8.908042126117698e-06,5.9307571513172494e-05
2017-11-01,1.1088427534203728e-05,0.0005588943287323112,4.787224843664928e-05,0.00015638137883834267,5.9057412503938255e-05
2017-12-01,6.243660831268497e-06,0.0001533065931771603,6.996252464436089e-05,5.849340090545114e-06,1.6981029304803286e-05
2018-01-01,9.329663185786811e-06,5.791748835552613e-05,3.7569756561084836e-05,8.792380751831373e-06,9.932683132429355e-05
2018-02-01,1.3682608347352396e-05,0.00012828208922758787,0.00010338936528092425,1.5564294192650965e-05,1.3446914156073401e-05
2018-03-01,1.0072104288276929e-05,0.000233975896474823,8.986340080067567e-05,0.0003828990121827975,0.0005966323483202633
2018-04-01,1.0220405261286898e-05,5.970535021967427e-07,4.3699284696296014e-05,1.2333222382930186e-05,1.2911205694803154e-05
2018-05-01,1.3549505252025224e-05,0.00022007055671619736,3.8370338120920775e-05,9.066544441201069e-06,9.208736684599088e-06
2018-06-01,9.017003492299766e-06,0.0002223925927634814,3.4280088557421864e-05,1.4389547208760684e-05,1.288929099571226e-05
2018-07-01,9.697089229656669e-06,0.0002935009074271098,3.712980717182234e-05,9.116998011137125e-06,8.824747003576016e-06
2018-08-01,6.627285968603333e-06,7.459294668410205e-05,4.076666409394451e-05,3.5211693654234843e-06,4.167472498652562e-06
2018-09-01,1.2657296943945074e-05,0.00013759636413824983,5.6632480190369736e-05,4.630623679632748e-05,0.0001333245451787756
2018-10-01,7.876208447285524e-06,9.59654748506725e-05,2.2600898877511707e-05,3.1962438151108065e-06,3.0640339530005083e-06
2018-11-01,1.9404416269344477e-05,0.00056534569430027,8.526516672150207e-05,0.00022493673652987874,0.0003142148933686673
2018-12-01,9.444106309596286e-06,0.00014854921987403802,2.5493629441808135e-05,8.940829441050135e-06,8.940829441049954e-06
2019-01-01,1.0066003566766582e-05,0.0005422197030266902,0.0001380769086879706,0.00011619750224247278,0.00011619750224247339
2019-02-01,9.447672554225829e-06,0.00034794063105645533,7.50645415222973e-05,6.941614411087149e-06,6.941614411086594e-06
2019-03-01,5.15239477503629e-06,0.00046406351214860387,3.8498804493544606e-05,6.189684808314479e-06,6.1896848083141384e-06
2019-04-01,1.0701948663702637e-05,0.000275688465421631,2.573267619275386e-05,1.7953625053353239e-06,1.7953625053337073e-06
2019-05-01,1.0455156535529406e-05,4.780034388656653e-05,5.922398685222751e-05,8.837563535415801e-06,8.837563535415344e-06
2019-06-01,1.437622486509705e-05,0.000342993228916103,7.707224708296736e-05,0.0005485188729853856,0.0005485188729853844
2019-07-01,8.717765265810175e-06,0.00028832390237582114,3.0157189872786127e-05,6.463394583181862e-06,6.46339458318296e-06
2019-08-01,8.651913964623282e-06,0.00011397476140537892,5.895125809161942e-05,7.4768672425725e-06,0.00046367806054916966
2019-09-01,1.1925650832048572e-05,0.00026201622756829836,5.303584403406698e-05,8.525660089027453e-06,0.00045887507580561057
2019-10-01,6.732784705853562e-06,4.757125036591807e-05,2.807458107772851e-05,6.316835195523077e-06,6.3168351955220985e-06
2019-11-01,1.0755861616658502e-05,0.0004162483399073503,4.801821400846892e-05,5.273955764521156e-06,5.273955764521152e-06
2019-12-01,8.526616816675708e-06,0.00012153781743795811,3.695042398729618e-05,8.69445465841028e-06,8.694454658409783e-06
2020-01-01,6.63927930259263e-06,7.284370229803175e-06,2.3397323018406426e-05,0.0001392586350529569,0.0001392586362481973
2020-02-01,1.650555499614005e-05,0.0001374152535289872,4.1572484001296237e-05,2.0229996357319917e-05,2.022999466953261e-05
2020-03-01,9.70561065733179e-06,0.00017137109822900292,0.00012269764491727023,0.00037801276446310393,0.0004964136685579795
2020-04-01,3.768113086088889e-05,0.0004519621046797614,0.00015011196418725033,0.0007,0.0003052924068335185
2020-05-01,2.4523955326159836e-05,0.00017437334080404665,0.00011719953624030907,9.683407381982093e-06,1.1128988625486954e-05
2020-06-01,6.611821090496517e-06,0.00016665641139619836,1.8900259805521174e-05,9.047313447939493e-07,5.265561784921248e-06
2020-07-01,1.7070140225835918e-05,9.011747931483419e-05,4.468170073891414e-05,1.0791421031538573e-05,1.4851657516370785e-05
2020-08-01,1.5766616314199394e-05,0.00030121745811417686,6.524493337076647e-05,8.1404199858676e-06,6.295504246411961e-06
2020-09-01,2.895920379566627e-05,2.4065941462019374e-05,6.691093796130192e-05,1.0599049807159602e-05,0.00024270542021184526
2020-10-01,1.622357611003416e-05,1.0692874614315007e-05,3.367681284027608e-05,5.975506063504895e-06,8.321838297485799e-06
2020-11-01,8.769916169293805e-06,2.7591303812280754e-06,5.293414367860459e-05,9.321899759167848e-06,1.1427153307726771e-05
2020-12-01,2.7516809431703046e-05,0.0006470279736143356,5.5030628159644255e-05,4.3088175922267884e-06,1.203484373806027e-05
2021-01-01,1.1037124149767936e-05,7.128119065434837e-05,2.8940904904417004e-05,7.054682189417738e-06,8.986584774527212e-06
2021-02-01,1.665709521788223e-05,0.0006499999999999999,3.17395627056446e-05,1.3508862219151916e-05,1.050635248309023e-05
2021-03-01,2.993089980471686e-05,1.8780628423176848e-05,2.4909259383326078e-05,5.3933708955069965e-06,1.1424753632871223e-05
2021-04-01,1.3851133202063146e-05,0.0006549869048549764,8.850521851086729e-05,1.570094959269187e-05,1.693236637807183e-05
2021-05-01,7.278857066559848e-06,0.00034001423818905217,1.1690616493137386e-05,7.2778919111296945e-06,7.528925663839378e-06
2021-06-01,1.19398292182432e-05,4.54402033676071e-05,5.421767217143717e-06,7.5401195371546005e-06,0.00023395258711669928
2021-07-01,1.5138062196498846e-05,0.00033516922999354495,2.886342754986173e-05,0.00014211125449248014,0.00023909800777635105
2021-08-01,9.892948813899494e-06,9.236271765191542e-06,7.3437654736937635e-06,1.6571207919196706e-05,5.822844051175169e-06
2021-09-01,6.50600239112991e-06,7.680500272705892e-06,2.5897185082060243e-05,0.000318995162793666,5.408526766108354e-06
2021-10-01,1.7891450528338135e-05,1.0747329815128219e-05,2.0287626009508843e-05,4.883816106647043e-05,3.3083447717590364e-06
2021-11-01,2.177144458106996e-05,0.0006145926499207218,6.08708750978523e-05,0.00026524679172401823,0.00022471411663568626
2021-12-01,1.4432892814734422e-05,7.497614368991586e-05,3.390504433439026e-05,1.1415701431879185e-05,1.0204354611513804e-05
2022-01-01,1.3132781242762786e-05,0.00012940751150679078,9.215373378305791e-05,1.1082117362349375e-05,1.5327175180536453e-05
2022-02-01,2.609165585819282e-05,0.0005432549611702367,5.789787256949901e-05,3.7986742168491436e-05,0.00022964018149962333
2022-03-01,1.0973161721293493e-05,9.544489737441312e-06,2.9457144201819023e-05,0.00016354569269201932,7.146295195221003e-06
2022-04-01,1.8995451342174396e-05,1.4467289789573166e-05,3.918478346512553e-05,0.00033655267917075593,1.4115346702647858e-05
2022-05-01,2.3848524286077588e-05,0.0001723697224040702,7.414194993021007e-05,0.00019467432083999881,2.044462801012874e-05
2022-06-01,2.2989833323708415e-05,0.0002524697403018206,3.8384418223991175e-05,0.0002446123414297516,1.8168445088480367e-05
2022-07-01,1.4786868125696352e-05,2.6668478913376414e-05,5.004633846924053e-05,0.00024536982102254677,8.145743403139019e-06
2022-08-01,2.4026831297074953e-05,0.0010000000000000002,2.3263651662308995e-05,0.00018185631921523282,2.1177526869935986e-05
2022-09-01,9.605368675496489e-06,0.00017521354272081408,2.520078378092899e-06,0.00019550010895917624,7.815183785643929e-06
2022-10-01,1.2777940852718876e-05,0.00017810561896129058,0.00010134136438401418,0.00014480654693425183,0.00016498498630669345
2022-11-01,2.2857961405447455e-05,0.001,5.60222143158648e-05,0.00013758515422399348,0.00027022782924862154
2022-12-01,1.488736689177321e-05,3.177639845440117e-06,4.1418467235315585e-05,1.0287507023787203e-05,1.0287507023787182e-05
2023-01-01,2.2720736266896747e-05,2.4917121163513244e-06,2.1953243021109534e-05,1.0010205444726104e-05,1.0010205444725563e-05
2023-02-01,2.689799720540286e-05,1.642487700264761e-06,1.3223980386780436e-05,1.5910483504544722e-05,8.754024011458551e-05
2023-03-01,1.4664993269414125e-05,5.753784287782837e-06,2.6660307242459463e-05,0.0002837326416045297,0.00024167503745529685
2023-04-01,1.4108542432541346e-05,4.254932956353632e-05,1.53423964262416e-05,0.000144187260927375,9.052554256164625e-05
2023-05-01,1.492918552975872e-05,5.247714039417166e-05,9.54255440409014e-06,0.0003199230549562526,0.00026467617286599364
2023-06-01,2.642276422764226e-05,0.00028922027012538075,2.926016165543908e-05,0.00019719413531024682,1.5651180664740478e-05
2023-07-01,1.7621190716967314e-05,0.00018542857286546005,1.2060143092150692e-05,8.348982542889394e-05,9.482730707154052e-06
2023-08-01,7.851733436677458e-06,0.00018278553310137634,1.3954633735771748e-05,9.382962328296876e-05,0.00012610240144326942
2023-09-01,8.834278191093947e-06,0.00065,1.5367516013829492e-05,6.878749379752402e-05,3.527957978094744e-05
2023-10-01,1.0434328942219905e-05,1.598290990949583e-05,6.977525065189564e-06,4.687663870598226e-05,0.00016041308556204094
2023-11-01,1.5758558558558574e-05,0.00010694372298952168,1.7811690872912467e-05,7.344661129237477e-05,8.348096235571243e-06
2023-12-01,1.518156025079049e-05,2.519413980886248e-05,1.1213213534664459e-05,7.391319812687886e-05,9.141524703659725e-06
2024-01-01,1.0054393272117643e-05,7.430585651843749e-06,4.80450341078805e-05,0.0005151264717296979,0.0005707791049536211
2024-02-01,1.7976382540109394e-05,0.00046066690844347283,1.7645199517591855e-05,0.00023209874691039117,0.00025
2024-03-01,1.146026468895852e-05,0.00013063118823043295,2.1358208573363043e-05,0.00017135454233693502,0.00011996584011738933
2024-04-01,1.0909544543618061e-05,2.064715011127357e-05,2.1098652862650192e-05,0.00014655845332737613,4.537931274187958e-05
2024-05-01,1.0224089635854341e-05,0.0005605527670723958,1.242836966072415e-05,0.00015270661036457175,2.1891050240581648e-05
2024-06-01,9.44997736532368e-06,0.0006116257275705289,4.2973924622972144e-05,0.00015573899889074054,0.00016201154684547964
2024-07-01,1.4779467806607681e-05,2.8286736827216635e-05,1.7368823978693748e-05,0.00014710573895679576,0.00015385960279512887
2024-08-01,1.2877456526798107e-05,7.218643278871965e-05,2.0914475553589258e-05,0.000148040173550386,0.00014911823408543846
2024-09-01,1.2129865241901842e-05,0.0003414488293703988,1.3283539713892362e-05,7.861817358916247e-06,8.409772427122818e-06
2024-10-01,1.4334702852218933e-05,1.083888879701704e-05,1.3426996840850421e-05,9.193677449561356e-06,9.22025002886321e-06
2024-11-01,9.605084474134809e-06,0.00013311088857719826,1.4134063128494821e-05,3.826243740208536e-06,0.00024999999999999957
2024-12-01,2.1376532758709127e-05,0.0005608614575110067,2.4169591924419038e-05,1.918095040273959e-05,0.00025236206274792606
2025-01-01,2.11352446136117e-05,0.0001129720101766926,1.942496880991865e-05,7.300391887598562e-06,7.3003918875987705e-06
2025-02-01,1.1190937466365313e-05,0.00039472731625368377,2.9221037334792325e-05,1.282398857606504e-05,3.3092007400366054e-05
2025-03-01,2.6057553070215996e-05,0.0009088183103846989,4.872683484545244e-05,2.112855866969028e-05,0.0003492916463116735
2025-04-01,1.617935409457899e-05,0.0003473364581570381,8.623797460348692e-05,0.0004395204655095956,0.000440009410684342
2025-05-01,1.6137426950210193e-05,0.00024567939748173676,0.00011581933151951746,0.0003327896763534212,0.0003729469634408579
2025-06-01,1.80441513700874e-05,0.0008207574114466804,1.99996915457827e-05,1.7537200875000093e-05,1.4299225856827837e-05
2025-07-01,1.4675474800758703e-05,0.0006390823657103232,1.7085545280208942e-05,1.047305371064318e-05,1.1632045043055699e-05
2025-08-01,1.3083412107442364e-05,0.00029645352647807946,3.016975271980308e-05,3.339998324069216e-06,9.362467537792098e-06
2025-09-01,9.57564883809893e-06,8.726400394292447e-05,2.0656988795620988e-05,5.118576727886893e-06,1.004157735822641e-05
