,NoDur,Durbl,Manuf,Enrgy,Chems,BusEq,Telcm,Utils,Shops,Hlth,Money,Other
2015-01-01,0.26866895240756805,0.0,0.0,0.0,0.0,0.1488611693080976,0.0,0.3128872039739079,0.19743998515928549,0.0721426891511411,0.0,0.0
2015-02-01,0.21424241996677662,0.0,0.0,0.0,0.0,0.2535851833648039,0.15510577409213022,0.3499999999999999,0.0270666225762894,0.0,0.0,0.0
2015-03-01,0.21424241996677662,0.0,0.0,0.0,0.0,0.2535851833648039,0.15510577409213022,0.3499999999999999,0.0270666225762894,0.0,0.0,0.0
2015-04-01,0.21424241996677662,0.0,0.0,0.0,0.0,0.2535851833648039,0.15510577409213022,0.3499999999999999,0.0270666225762894,0.0,0.0,0.0
2015-05-01,0.21424241996677662,0.0,0.0,0.0,0.0,0.2535851833648039,0.15510577409213022,0.3499999999999999,0.0270666225762894,0.0,0.0,0.0
2015-06-01,0.02200170301737638,0.0,0.0,0.0,0.0,0.08616437911527498,0.13121518299006005,0.3499999999999998,0.0606187348772892,0.3499999999999998,0.0,0.0
2015-07-01,0.0,0.0,0.0,0.0,0.0,0.07853085661651933,0.12040221062327197,0.3499999999999998,0.10106693276020896,0.3499999999999998,0.0,0.0
2015-08-01,0.0,0.0,0.0,0.0,0.0,0.07853085661651771,0.12040221062327251,0.3499999999999998,0.10106693276021017,0.3499999999999998,0.0,0.0
2015-09-01,0.12318984366113472,0.0,0.0,0.0,0.0,0.2308736608402949,0.0,0.34999999999999976,0.29593649549857054,0.0,0.0,0.0
2015-10-01,0.12318984366113472,0.0,0.0,0.0,0.0,0.2308736608402949,0.0,0.34999999999999976,0.29593649549857054,0.0,0.0,0.0
2015-11-01,0.12318984366113472,0.0,0.0,0.0,0.0,0.2308736608402949,0.0,0.34999999999999976,0.29593649549857054,0.0,0.0,0.0
2015-12-01,0.1231898436611362,0.0,0.0,0.0,0.0,0.23087366084029548,0.0,0.35,0.2959364954985683,0.0,0.0,0.0
2016-01-01,0.12318984366113574,0.0,0.0,0.0,0.0,0.23087366084029554,0.0,0.35000000000000003,0.2959364954985687,0.0,0.0,0.0
2016-02-01,0.1231898436611343,0.0,0.0,0.0,0.0,0.23087366084029506,0.0,0.3500000000000001,0.2959364954985706,0.0,0.0,0.0
2016-03-01,0.1231898436611343,0.0,0.0,0.0,0.0,0.23087366084029506,0.0,0.3500000000000001,0.2959364954985706,0.0,0.0,0.0
2016-04-01,0.1231898436611343,0.0,0.0,0.0,0.0,0.23087366084029506,0.0,0.3500000000000001,0.2959364954985706,0.0,0.0,0.0
2016-05-01,0.1231898436611343,0.0,0.0,0.0,0.0,0.23087366084029506,0.0,0.3500000000000001,0.2959364954985706,0.0,0.0,0.0
2016-06-01,0.1231898436611343,0.0,0.0,0.0,0.0,0.23087366084029506,0.0,0.3500000000000001,0.2959364954985706,0.0,0.0,0.0
2016-07-01,0.1231898436611335,0.0,0.0,0.0,0.0,0.23087366084029493,0.0,0.35000000000000003,0.2959364954985715,0.0,0.0,0.0
2016-08-01,0.1231898436611335,0.0,0.0,0.0,0.0,0.23087366084029493,0.0,0.35000000000000003,0.2959364954985715,0.0,0.0,0.0
2016-09-01,0.12318984366113565,0.0,0.0,0.0,0.0,0.23087366084029365,0.0,0.35000000000000026,0.2959364954985705,0.0,0.0,0.0
2016-10-01,0.3500000000000012,0.0,0.0,0.0,0.0,0.23178891158733675,0.14797850249461705,0.270232585918045,0.0,0.0,0.0,0.0
2016-11-01,0.3500000000000012,0.0,0.0,0.0,0.0,0.23178891158733675,0.14797850249461705,0.270232585918045,0.0,0.0,0.0,0.0
2016-12-01,0.34999999999999953,0.0,0.0,0.0,0.0,0.23178891158733697,0.14797850249461605,0.2702325859180474,0.0,0.0,0.0,0.0
2017-01-01,0.34999999999999953,0.0,0.0,0.0,0.0,0.23178891158733697,0.14797850249461605,0.2702325859180474,0.0,0.0,0.0,0.0
2017-02-01,0.35000000000000003,0.0,0.0,0.0,0.0,0.2317889115873359,0.14797850249461741,0.2702325859180466,0.0,0.0,0.0,0.0
2017-03-01,0.34999999999999964,0.0,0.0,0.0,0.0,0.23178891158733547,0.1479785024946177,0.2702325859180472,0.0,0.0,0.0,0.0
2017-04-01,0.34999999999999976,0.0,0.0,0.0,0.0,0.23178891158733608,0.14797850249461741,0.2702325859180468,0.0,0.0,0.0,0.0
2017-05-01,0.34999999999999976,0.0,0.0,0.0,0.0,0.23178891158733608,0.14797850249461741,0.2702325859180468,0.0,0.0,0.0,0.0
2017-06-01,0.3049796932318799,0.0,0.0,0.046311941586780404,0.0,0.35000000000000003,0.02844135093654329,0.156380759254045,0.0,0.027107859672230238,0.08677839531852108,0.0
2017-07-01,0.3049796932675537,0.0,0.0,0.046311944046984826,0.0,0.3499999978047612,0.02844135116351784,0.15638075870954407,0.0,0.02710786215468035,0.08677839285295805,0.0
2017-08-01,0.3049796932191361,0.0,0.0,0.04631194070788035,0.0,0.3500000007842418,0.02844135085545705,0.15638075944856583,0.0,0.02710785878538352,0.0867783961993353,0.0
2017-09-01,0.30497969276835263,0.0,0.0,0.04631190961852648,0.0,0.35000002852524836,0.028441347987190127,0.1563807663293585,0.0,0.027107827414932156,0.08677842735639181,0.0
2017-10-01,0.30497969315357154,0.0,0.0,0.04631193618605683,0.0,0.35000000481906085,0.028441350438279542,0.15638076044934976,0.0,0.02710785422267605,0.08677840073100551,0.0
2017-11-01,0.35,0.0,0.048894191169395654,0.0,0.0,0.35,0.04396793055599266,0.12587379050824882,0.0,0.06167764936304262,0.019586438403320257,0.0
2017-12-01,0.35,0.0,0.04889419116939526,0.0,0.0,0.35,0.0439679305559925,0.1258737905082492,0.0,0.06167764936304305,0.019586438403320052,0.0
2018-01-01,0.35000000000000003,0.0,0.04889419116939554,0.0,0.0,0.35000000000000003,0.04396793055599254,0.12587379050824882,0.0,0.061677649363042854,0.01958643840332015,0.0
2018-02-01,0.34999999999999964,0.0,0.04889419116939636,0.0,0.0,0.34999999999999964,0.043967930555993025,0.12587379050824868,0.0,0.061677649363042784,0.01958643840331966,0.0
2018-03-01,0.09741441126776276,0.0,0.02543286479062413,0.0,0.0,0.3499999999999998,0.0,0.2793198059051578,0.10368354109271036,0.0,0.1441493769437451,0.0
2018-04-01,0.09741441126776232,0.0,0.025432864790624957,0.0,0.0,0.35000000000000003,0.0,0.27931980590515776,0.1036835410927097,0.0,0.1441493769437452,0.0
2018-05-01,0.09741441126780213,0.0,0.025432864790656252,0.0,0.0,0.349999999999998,0.0,0.27931980590512595,0.10368354109269859,0.0,0.14414937694371918,0.0
2018-06-01,0.09741441126776301,0.0,0.0254328647906232,0.0,0.0,0.35000000000000003,0.0,0.2793198059051582,0.10368354109270865,0.0,0.14414937694374697,0.0
2018-07-01,0.09741441126776239,0.0,0.025432864790624215,0.0,0.0,0.35000000000000014,0.0,0.279319805905158,0.10368354109270896,0.0,0.14414937694374624,0.0
2018-08-01,0.09741441126776425,0.0,0.025432864790622126,0.0,0.0,0.3499999999999998,0.0,0.27931980590515826,0.10368354109270761,0.0,0.144149376943748,0.0
2018-09-01,0.08997795975713614,0.0,0.0,0.0,0.0,0.35000000000000026,0.0,0.29357251140022117,0.09986202652597465,0.0,0.16658750231666788,0.0
2018-10-01,0.08997795975713473,0.0,0.0,0.0,0.0,0.34999999999999976,0.0,0.29357251140022195,0.09986202652597642,0.0,0.16658750231666702,0.0
2018-11-01,0.2893183613086612,0.0,0.0,0.0,0.0,0.34896506456354404,0.0,0.32541319856592865,0.0,0.0,0.036303375561866004,0.0
2018-12-01,0.28931836130866245,0.0,0.0,0.0,0.0,0.34896506456354504,0.0,0.32541319856592815,0.0,0.0,0.03630337556186432,0.0
2019-01-01,0.2180002862136997,0.0,0.0,0.0,0.10338549918735698,0.32861421459894335,0.0,0.35,0.0,0.0,0.0,0.0
2019-02-01,0.2180002862136995,0.0,0.0,0.0,0.10338549918735747,0.328614214598943,0.0,0.3499999999999999,0.0,0.0,0.0,0.0
2019-03-01,0.21800028621369963,0.0,0.0,0.0,0.10338549918735741,0.328614214598943,0.0,0.3499999999999999,0.0,0.0,0.0,0.0
2019-04-01,0.2180002862136994,0.0,0.0,0.0,0.10338549918735769,0.328614214598943,0.0,0.35,0.0,0.0,0.0,0.0
2019-05-01,0.21800028621369902,0.0,0.0,0.0,0.1033854991873572,0.32861421459894374,0.0,0.35,0.0,0.0,0.0,0.0
2019-06-01,0.0,0.0,0.0,0.0,0.2753705658132869,0.0007253551520159417,0.0,0.3499999999999998,0.3499999999999998,0.023904079034697368,0.0,0.0
2019-07-01,0.0,0.0,0.0,0.0,0.2753705658132852,0.0007253551520158449,0.0,0.34999999999999964,0.34999999999999964,0.023904079034699703,0.0,0.0
2019-08-01,0.0,0.0,0.0,0.0,0.27537056581328584,0.0007253551520153907,0.0,0.3500000000000002,0.3500000000000002,0.023904079034698412,0.0,0.0
2019-09-01,0.0,0.0,0.0,0.0,0.275370565813287,0.0007253551520173246,0.0,0.3499999999999998,0.3499999999999998,0.023904079034695925,0.0,0.0
2019-10-01,0.0,0.0,0.0,0.0,0.27537056581328556,0.0007253551520144794,0.0,0.34999999999999964,0.34999999999999964,0.023904079034700595,0.0,0.0
2019-11-01,0.0,0.0,0.0,0.0,0.27537056581328556,0.0007253551520144794,0.0,0.34999999999999964,0.34999999999999964,0.023904079034700595,0.0,0.0
2019-12-01,0.0,0.0,0.0,0.0,0.27537056581328634,0.0007253551520163305,0.0,0.3499999999999999,0.3499999999999999,0.023904079034697497,0.0,0.0
2020-01-01,0.07740504795928642,0.0,0.0,0.0,0.14007013421115178,0.034539093457108275,0.0,0.35,0.35,0.04798572437245359,0.0,0.0
2020-02-01,0.08606144708183355,0.0,0.0,0.0,0.12493915027303708,0.038320567951487416,0.0,0.35000000000000003,0.35000000000000003,0.05067883469364203,0.0,0.0
2020-03-01,0.0,0.0,0.0,0.0,0.0,0.3499999999999996,0.06041848299912819,0.3499999999999996,0.23958151700087255,0.0,0.0,0.0
2020-04-01,0.0,0.0,0.0,0.0,0.35,0.0,0.0,0.06297229219143569,0.23702770780856453,0.35,0.0,0.0
2020-05-01,0.0,0.0,0.0,0.0,0.35,0.0,0.0,0.06297229219143569,0.23702770780856453,0.35,0.0,0.0
2020-06-01,0.0,0.0,0.0,0.0,0.35,0.0,0.0,0.06297229219143569,0.23702770780856453,0.35,0.0,0.0
2020-07-01,0.0,0.0,0.0,0.0,0.35000000000000003,0.0,0.0,0.06297229219143553,0.23702770780856436,0.35000000000000003,0.0,0.0
2020-08-01,0.0,0.0,0.0,0.0,0.35,0.0,0.0,0.06297229219143569,0.2370277078085644,0.35,0.0,0.0
2020-09-01,0.0,0.0,0.0,0.0,0.35,0.0,0.0,0.06297229219143637,0.2370277078085637,0.35,0.0,0.0
2020-10-01,0.0,0.0,0.0,0.0,0.35,0.0,0.0,0.06297229219143637,0.2370277078085637,0.35,0.0,0.0
2020-11-01,0.0,0.0,0.0,0.0,0.35000000000000003,0.0,0.0,0.0629722921914349,0.2370277078085651,0.35000000000000003,0.0,0.0
2020-12-01,0.0,0.0,0.0,0.0,0.34999999999999964,0.0,0.0,0.06297229219143774,0.237027707808563,0.34999999999999964,0.0,0.0
2021-01-01,0.0,0.0,0.0,0.0,0.3499999999999996,0.0,0.0,0.06297229219143652,0.2370277078085643,0.3499999999999996,0.0,0.0
2021-02-01,0.0,0.0,0.0,0.0,0.35,0.0,0.0,0.06297229219143644,0.23702770780856364,0.35,0.0,0.0
2021-03-01,0.0,0.0,0.0,0.0,0.35,0.0,0.0,0.06297229219143644,0.23702770780856364,0.35,0.0,0.0
2021-04-01,0.0,0.0,0.0,0.0,0.3499999999999998,0.0,0.0,0.06297229219143598,0.2370277078085644,0.3499999999999998,0.0,0.0
2021-05-01,0.0,0.0,0.0,0.0,0.3499999999999998,0.0,0.0,0.06297229219143598,0.2370277078085644,0.3499999999999998,0.0,0.0
2021-06-01,0.0,0.0,0.0,0.0,0.3499999999999998,0.0,0.0,0.06297229219143598,0.2370277078085644,0.3499999999999998,0.0,0.0
2021-07-01,0.0,0.0,0.0,0.0,0.35,0.12895525625771295,0.0,0.06026542283254171,0.11077932090974538,0.35,0.0,0.0
2021-08-01,0.0,0.0,0.0,0.0,0.35,0.11481685286130795,0.0,0.06056219872247377,0.12462094841621829,0.35,0.0,0.0
2021-09-01,0.0,0.0,0.0,0.0,0.1358883007027892,0.008922487499323924,0.0,0.15518921179788692,0.35,0.35,0.0,0.0
2021-10-01,0.0,0.0,0.0,0.0,0.09019402755553269,0.03545338194245656,0.0,0.1743525905020108,0.35,0.35,0.0,0.0
2021-11-01,0.0,0.0,0.0,0.0,0.3500000000000001,0.0,0.0,0.06297229219143533,0.23702770780856453,0.3500000000000001,0.0,0.0
2021-12-01,0.0,0.0,0.0,0.0,0.35000000024097466,0.0,0.0,0.06297229211455015,0.23702770740350051,0.35000000024097466,0.0,0.0
2022-01-01,0.0,0.0,0.0,0.0,0.35000000000000003,0.0,0.0,0.06297229219143555,0.23702770780856444,0.35000000000000003,0.0,0.0
2022-02-01,0.0,0.0,0.0,0.0,0.34999997618276535,0.0,0.0,0.10000000769849961,0.20000003993596974,0.34999997618276535,0.0,0.0
2022-03-01,0.0,0.0,0.0,0.0,0.32662314235437,0.16354569269201932,0.0,0.09903839453984506,0.06079277041376564,0.35,0.0,0.0
2022-04-01,0.0,0.0,0.0,0.0,0.1480365795053973,0.0,0.0,0.19159755131522893,0.3103658691793738,0.35,0.0,0.0
2022-05-01,0.0,0.0,0.0,0.0,0.3499999733101739,0.0,0.0,0.10000000862701329,0.20000004475263872,0.3499999733101739,0.0,0.0
2022-06-01,0.0,0.0,0.0,0.0,0.1077861772029419,0.0,0.0,0.20985253175341323,0.33236129104364487,0.35,0.0,0.0
2022-07-01,0.0,0.0,0.0,0.0,0.34999996716768844,0.0,0.0,0.10000001061246334,0.20000005505215954,0.34999996716768844,0.0,0.0
2022-08-01,0.0,0.0,0.0,0.0,0.15988746053487157,0.0,0.0,0.18622275779782088,0.30388978166730757,0.35,0.0,0.0
2022-09-01,0.0,0.0,0.0,0.0,0.35000000000000003,0.0,0.0,0.10000000000000094,0.19999999999999898,0.35000000000000003,0.0,0.0
2022-10-01,0.0,0.0,0.0,0.0,0.21119581073112134,0.0,0.0,0.16295260705224904,0.27585158221662964,0.35,0.0,0.0
2022-11-01,0.0,0.0,0.0,0.0,0.34999999999999964,0.0,0.0,0.10000000000000141,0.19999999999999926,0.34999999999999964,0.0,0.0
2022-12-01,0.0,0.0,0.0,0.0,0.34999999999999964,0.0,0.0,0.10000000000000141,0.19999999999999926,0.34999999999999964,0.0,0.0
2023-01-01,0.0,0.0,0.0,0.0,0.3500000054031763,0.0,0.0,0.0999999982535185,0.19999999094012885,0.3500000054031763,0.0,0.0
2023-02-01,0.0,0.0,0.0,0.0,0.35000000000000026,0.0,0.0,0.10000000000000082,0.19999999999999868,0.35000000000000026,0.0,0.0
2023-03-01,0.0,0.0,0.0,0.0,0.0685332036497256,0.13216118010682734,0.0,0.20789930502970125,0.24140631121374587,0.35,0.0,0.0
2023-04-01,0.0,0.0,0.0,0.0,0.030102760155683285,0.03315735127207422,0.0,0.24274024858692225,0.3439996399853203,0.35,0.0,0.0
2023-05-01,0.0,0.0,0.0,0.0,0.34999996849439813,0.0,0.0,0.10000001018363555,0.20000005282756803,0.34999996849439813,0.0,0.0
2023-06-01,0.0,0.0,0.0,0.0,0.14289592794187408,0.08717166256777784,0.0,0.18776536563066074,0.23216704385968734,0.35,0.0,0.0
2023-07-01,0.0,0.0,0.0,0.0,0.06345624321925677,0.11837689265804013,0.0,0.2159848894621093,0.2521819746605938,0.35,0.0,0.0
2023-08-01,0.0,0.0,0.0,0.0,0.08777348236262292,0.18439982486397527,0.0,0.17725717177560557,0.2005695209977963,0.35,0.0,0.0
2023-09-01,0.0,0.0,0.0,0.0,0.10602081568284281,0.23394255640669806,0.0,0.14819640672778572,0.1618402211826734,0.35,0.0,0.0
2023-10-01,0.0,0.0,0.0,0.0,0.11790408636218519,0.2662064318335692,0.0,0.12927106946607492,0.13661841233817074,0.35,0.0,0.0
2023-11-01,0.0,0.0,0.0,0.0,0.0984001173681858,0.21325185031033,0.0,0.160333156757839,0.17801487556364526,0.35,0.0,0.0
2023-12-01,0.0,0.0,0.0,0.0,0.11925992184526955,0.26988761593733696,0.0,0.12711176126876442,0.1337407009486292,0.35000000000000003,0.0,0.0
2024-01-01,0.3499999999999998,0.0,0.0,0.0,0.0,0.0,0.0042269611576539025,0.0,0.2957730388423463,0.3499999999999998,0.0,0.0
2024-02-01,0.2448562066394087,0.0,0.0,0.0,0.0,0.23209874691039123,0.0,0.0,0.17304504645020008,0.35,0.0,0.0
2024-03-01,0.21581545814759473,0.0,0.0,0.0,0.0,0.0841845418524054,0.0,0.0,0.35,0.35,0.0,0.0
2024-04-01,0.22055190617916354,0.0,0.0,0.0,0.0,0.2255354839853993,0.0,0.0,0.2039126098354372,0.35,0.0,0.0
2024-05-01,0.20244920036538264,0.0,0.0,0.0,0.0,0.09755079963461741,0.0,0.0,0.35,0.35,0.0,0.0
2024-06-01,0.3499999999999998,0.0,0.0,0.0,0.0,0.0,0.0042269611576527194,0.0,0.2957730388423477,0.3499999999999998,0.0,0.0
2024-07-01,0.2007057142575872,0.0,0.0,0.0,0.0,0.09929428574241281,0.0,0.0,0.35,0.35,0.0,0.0
2024-08-01,0.35000000000000003,0.0,0.0,0.0,0.0,0.0,0.004226961157657552,0.0,0.2957730388423424,0.35000000000000003,0.0,0.0
2024-09-01,0.35000000000000003,0.0,0.0,0.0,0.0,0.0,0.004226961157652062,0.0,0.2957730388423479,0.35000000000000003,0.0,0.0
2024-10-01,0.3500000000000003,0.0,0.0,0.0,0.0,0.0,0.004226961157655407,0.0,0.295773038842344,0.3500000000000003,0.0,0.0
2024-11-01,0.35000000000000003,0.0,0.0,0.0,0.0,0.0,0.004226961157657553,0.0,0.29577303884234246,0.35000000000000003,0.0,0.0
2024-12-01,0.35000000000000003,0.0,0.0,0.0,0.0,0.0,0.004226961157657553,0.0,0.29577303884234246,0.35000000000000003,0.0,0.0
2025-01-01,0.35000000000000003,0.0,0.0,0.0,0.0,0.0,0.004226961157657553,0.0,0.29577303884234246,0.35000000000000003,0.0,0.0
2025-02-01,0.3500000000000008,0.0,0.0,0.0,0.0,0.0,0.004226961157655697,0.0,0.29577303884234263,0.3500000000000008,0.0,0.0
2025-03-01,0.3500000000000012,0.0,0.0,0.0,0.0,0.0,0.0,0.0,0.29999999999999755,0.3500000000000012,0.0,0.0
2025-04-01,0.06185057127031532,0.0,0.0,0.187087050482058,0.0,0.0,0.0,0.0,0.1509488861052604,0.35,0.25011349214236633,0.0
2025-05-01,0.3500000000000002,0.04656004540186971,0.0,0.0,0.0,0.0,0.0,0.0,0.07648390665909709,0.3500000000000002,0.17695604793903286,0.0
2025-06-01,0.3500000000000002,0.04656004540186971,0.0,0.0,0.0,0.0,0.0,0.0,0.07648390665909709,0.3500000000000002,0.17695604793903286,0.0
2025-07-01,0.3500000000000002,0.04656004540186971,0.0,0.0,0.0,0.0,0.0,0.0,0.07648390665909709,0.3500000000000002,0.17695604793903286,0.0
2025-08-01,0.34999999999999976,0.0465600454018685,0.0,0.0,0.0,0.0,0.0,0.0,0.0764839066590992,0.34999999999999976,0.1769560479390327,0.0
2025-09-01,0.3500000000000003,0.04656004540186906,0.0,0.0,0.0,0.0,0.0,0.0,0.07648390665909793,0.3500000000000003,0.1769560479390324,0.0
